Serial No.,Unique ID
1,AL9ZOLIM
2,KX615W5C
3,SDD1W8ZH
4,JLDEDOT6
5,9Q9A544R
6,M69QQOE0
7,M7FT9XMT
8,41538MQ8
9,CH7HH4SG
10,D7LMTHEK
11,HAZVEL4B
12,ZEOCHQ5Y
13,LHWMSZYD
14,ZXH97O7A
15,OCK6TANF
16,0B1EINZZ
17,KE5WA4R9
18,MJF4BPNW
19,QP9L648L
20,JWQ31H1A
21,YO4H4RQM
22,JLBJJ1SS
23,OS2ZK5F1
24,R593AECW
25,K2DZE56T
26,1JNZI9W0
27,1IWQU55M
28,IH2KLQY9
29,KDKTML8F
30,KB6A8QJ5
31,RNW0WGSL
32,VLM3F6D3
33,GPE7RQF2
34,28EFRC4C
35,F40DOL3M
36,7NRO4RLY
37,YU8I5TIW
38,OT9P6K7Q
39,MTKF9FYH
40,HICU6QJY
41,EB4YO61W
42,U2L9ESIP
43,83KF95AH
44,HXLAZPBS
45,TUTEQLO8
46,HD54I0W6
47,L11QZ8RJ
48,JZH7Q8BK
49,NEW8071N
50,10SENC9U
51,LD82IYJM
52,2XAKFT6T
53,3X7221ED
54,USXQVFYV
55,YK6ZALQO
56,IOEPQDBO
57,N0G60E0C
58,HIF7IZQ6
59,QL3VN5OU
60,OCMU2OIA
61,GIKTA9X8
62,GVB8C7BY
63,TOA4SZHJ
64,OEMPACU5
65,7NJP0PKN
66,S9LIBI0M
67,B1T07NZI
68,1WLMBSZ1
69,PLUETJ1Y
70,XTVVA3P6
71,AQ7HKPY5
72,8Y95EZB6
73,W91M1XBX
74,18AY2H8S
75,YMG342N8
76,YQ3AML61
77,3KC96RLX
78,LU4WAOR3
79,Z1FP117R
80,7XB4YHE3
81,OSR03AZH
82,IXGHOAIA
83,YXAHQ9UI
84,I2LK9BCD
85,FX1IPSUM
86,9CCB8W88
87,URAFTWJA
88,RB5EAAW9
89,ZNTOKGAO
90,RGK4N0UN
91,N76LCES8
92,RQR05Q24
93,9RJ5R7HZ
94,NGTZRJ73
95,5VQZ1FFJ
96,AZ3C1E4C
97,A8F1OJYF
98,5OQMS6FW
99,N0AVVKZ3
100,FDIL9J9U
101,X0902QS3
102,RSJI7EFP
103,DW8YC2CI
104,ANBWFJV4
105,WQERT5ZV
106,4OWZGRYE
107,95IZATKT
108,LLYUDVVY
109,U6RSS3U1
110,GXI2R8PI
111,YK5B7QD2
112,Z1D4MWN9
113,V4TKDI2P
114,WNL0A70Z
115,1YGIZVHF
116,UILIHJ1R
117,ZQOL4P84
118,MZZGZ6Y1
119,B5X3CYO4
120,5NA04KS4
121,O3P5UKU4
122,2YNTU4GJ
123,NS38LKKX
124,9WE18DFZ
125,50Z0RHDR
126,7P0PSM5G
127,UQ5Z01JH
128,JOWKLP4U
129,SZSYM4X9
130,M78NWGE5
131,9KQELOXD
132,UO50UJHF
133,7QWARFVD
134,3LN2J10P
135,VXPKA47S
136,0RF43KGT
137,8Z5W8F3H
138,4T015YGG
139,NVA7MQNS
140,DON13D1P
141,4M1A9NQN
142,K3GQYRDX
143,JRFPTGZZ
144,4GNS2KTG
145,ANA37XWN
146,IR4H0M8Y
147,3F3MWUR0
148,K6MNR5TZ
149,IOA1WG8X
150,SFQWH6Q9
151,VV3AAUJX
152,6FP3JW6O
153,8JXWOFJE
154,876FC3RD
155,CEO8UALU
156,LE667OR6
157,WKWRDONC
158,1JQ26WMD
159,B061DPE7
160,WP941FOR
161,FKHBPP05
162,5RIKJ2AE
163,APYYWZWS
164,OGFKIW5F
165,1HUOU1RQ
166,SN2ZRUQX
167,93JMLESI
168,TUWGCE0U
169,GROIWEAO
170,3EBCKIP0
171,WBPYXPCW
172,MRUWBLM8
173,PNO5UBKI
174,GJJCM9C2
175,N7E6QSVW
176,R34XKNDS
177,KXN2ERPR
178,Z1HD2PBI
179,277M6JTN
180,88SBHSLG
181,4JD40XW2
182,MQK4KV9N
183,QVIJ7PBY
184,Z9L40WAP
185,PQNL0IUG
186,JJ4MIPLF
187,6QGLOWXE
188,FEF1IBBY
189,EIYAJY9K
190,ANF0CL07
191,N0AJE5XV
192,J3FSN2KI
193,VHIA0DQJ
194,90ON6LDX
195,63MC59TH
196,E6RE5XZH
197,A231IVGN
198,PPMWORTY
199,LSJBNVES
200,S6ZA7IQL
201,HZTO1WUF
202,WMNZ19EP
203,4KSH2E7P
204,OGD3T34E
205,XXH4WF88
206,JLCM20EI
207,GUVSMVGQ
208,VZA4FWPB
209,9TV418YR
210,YBNTE7S1
211,QK1YNCQD
212,CKPJIHWP
213,EFR5PF8S
214,VQYE1UIN
215,CVD9DN2R
216,Q0ZJLQ1G
217,BZRSVNZA
218,5LUF2PO0
219,H53A6UQ6
220,LDQ0ZA1Q
221,SONGSDUD
222,AS5KE7OZ
223,62MMA07K
224,WUGC2A1A
225,1GFUHF3L
226,SV4GKL3Z
227,9WO8LSO1
228,AC6VIWO2
229,M7GFACGL
230,T4NUWKGM
231,ZASD7U5L
232,OMTUFRSE
233,9JSOHHAH
234,0C6NKLHT
235,D72ZQFRP
236,6Y5AWDDT
237,AM7JVQ6W
238,BL1ELKFA
239,GZMG88XH
240,3HPWHNAT
241,LN73OAG0
242,1L954ZM8
243,M1R0CPKS
244,RTMTFS3E
245,NN7CYMCU
246,JGIDJ4LH
247,2KPUNZSC
248,WA1IFRLY
249,T9RW081U
250,NC055TZ5
251,JQMFXK8V
252,QJ0JR34D
253,50SWE57G
254,TKG9NIEN
255,9H30WLDT
256,ZBTFCL8F
257,IJPGYPWA
258,VUNIV5HP
259,9SV99XGI
260,GFSO7GGW
261,IKDSAS1X
262,RL95DJEO
263,LLGOQ4I7
264,II3UIBF9
265,G3XIO9TY
266,9UPIRSEI
267,V2XP3DBX
268,AINPPL61
269,2HJJYVI9
270,QR3PJG26
271,YCPCZ8M5
272,RKG42OTM
273,PDCLG8UM
274,71WV9UVH
275,5THEVM5B
276,E618PM7P
277,2NI3N5DQ
278,CPWDFM80
279,FZQSQKDB
280,MSV2EXCM
281,NQFYIE15
282,969NAXIM
283,LZNQZG1G
284,SGNYW5CV
285,A5Z3RNWL
286,38QW620X
287,VMDOKP4B
288,6OLZJZMO
289,ZPX3JW9A
290,8TGY86AU
291,J9FIJZJ3
292,2OVJINTZ
293,GQX3Y6BN
294,BMQE5M7N
295,UW8VCDTD
296,N2EMUL7Q
297,DOCJRJHN
298,TWWEFZJ8
299,1W10LK2T
300,BL7XJ511
301,OQCLI7HH
302,LS81Z9GH
303,DWGVWV26
304,65WWQVVZ
305,2K2SMOCI
306,E4HQG8OD
307,CEAKX2ZJ
308,T6ASBD36
309,2Q2232OI
310,XWGOUR2L
311,XGUQYD5A
312,V7FCHF4C
313,7EEKGM5J
314,VJPWAC4Y
315,FTDPN2KA
316,NXNFHC77
317,3U87EHB6
318,8BSOG27D
319,5RQG8NNK
320,T35DC1UI
321,JYMTAHNR
322,V9UFQXRP
323,R6IVS5CY
324,8XE7GPSI
325,G3901WK2
326,ZWE8RRKD
327,1X8MM4Q1
328,XYTNVGME
329,7U0ZR7SR
330,MYZJCZ2P
331,ANDATY54
332,HR21P6KU
333,H6MH2E0B
334,XFHJWD7W
335,YUJI5LQH
336,NPSR8EKI
337,DM91NFBO
338,MX7061WP
339,T9GNJRVI
340,NVBAT5L1
341,GIJEIJIR
342,5OIKPFSS
343,G3PUN5WM
344,1G2ZH89C
345,IV3ANEQ8
346,LHNG5ME3
347,LYDE4WZ7
348,0RWIL4O3
349,0SKQ7BLG
350,V49ZM7SY
351,81QZZBEW
352,QKA0JO30
353,44590ELD
354,CBEISC25
355,INREXDW2
356,6VJ5QFPN
357,0S6377IU
358,DCB8ZOMU
359,HBBMUBRH
360,OYM5UG2R
361,S9PGR5OE
362,1LZ722I7
363,IRBX2CXU
364,3SL9Q7RH
365,ZYV64UL6
366,YCF77BJY
367,VO6XR29Z
368,S32NXZHG
369,IZMGDNBR
370,0LCO4A76
371,HHZ9JSLK
372,D3OKI51W
373,EZRRRJXP
374,4OD29D1T
375,3EI7HWF3
376,XE79W6L9
377,LYXQT39T
378,Z0K0UDCL
379,UGO6TOQ3
380,6UP7NNKA
381,29LR9OTH
382,FTHJ1I8I
383,DFGIVT8P
384,IY7X1UDS
385,GAC2GTXA
386,PPL2QT3Z
387,YYUH23FU
388,K4NSIX31
389,QT11BLPA
390,JVCIZ4XF
391,CTQYKVE0
392,48C6O36X
393,DIZAR6K5
394,EZADVJDJ
395,K05UJHUD
396,EB9H5XWY
397,I4FNDDRJ
398,APGGJAAB
399,8BPRPY61
400,Q9XX552M
401,IYAGF39P
402,DIGSIHLO
403,ACA3UAKG
404,3VZK233F
405,1FMSKK3D
406,HX448XGW
407,588P0AKR
408,L5XDIPNQ
409,JZJ1XNIQ
410,PMEUIFI6
411,WO9U1IQZ
412,YA3QQ81O
413,0PSYJ1ZK
414,81F1AFT8
415,TRGFLLX3
416,KONUQ3IC
417,C31QYRFQ
418,ZIH6K9G7
419,IPC5MCQC
420,B3KWWBE3
421,3YOMC3JM
422,NG2OCJ7N
423,1CROIUTL
424,360UAT3O
425,O51H481W
426,ROP994LG
427,I4GTHKAY
428,SJANMR7U
429,D5H7Q2JR
430,C5L1SPLS
431,7J85VWW7
432,PXQD1N0F
433,B70M3UF6
434,MTOGAIJR
435,EXES57M7
436,WXRHLS62
437,Y922AC3A
438,HVUSNN7T
439,KTIIPD4I
440,T474JDJX
441,IXD1UM13
442,JYDADNXW
443,64P3LSA1
444,C2S45SCE
445,MD926PGG
446,AZ2I5WLP
447,20COD5CZ
448,2EUNTEDG
449,R61JY6RO
450,RZEN2VBI
451,E0PPT2BP
452,CDXV1LSE
453,WFU54CUR
454,PR6I7ZW9
455,9RKKZ1DG
456,ZLZTBN8B
457,GAEQJ3HJ
458,2J1FMJXG
459,71YE08DN
460,8CWCO6Q5
461,SD2U99HJ
462,3UNIAKBO
463,0EG3NEH6
464,2WG835DF
465,YWN8NINF
466,NMD6AJKK
467,21JY6OJC
468,UBI0EI2O
469,6S7I2S1T
470,J2MF5V8J
471,9C260DR4
472,S0LLIGAQ
473,UL4GVYGK
474,0HFAFK01
475,HCE56N38
476,X1XSQ05V
477,WYGBUKPK
478,HA5SS6QK
479,3R800W2U
480,XG2ALCZX
481,2S3YOWHT
482,D9FV2MWH
483,XPOAZZHO
484,9NEM4ZZB
485,EK6FA43R
486,8P2GZ79P
487,XPQJFGLM
488,SXSG99W2
489,NQABV52H
490,210QFW6S
491,U5OUPKGT
492,HUYXXDG3
493,6C68PVBC
494,U8MDJ1HY
495,9N0W1HHY
496,2C5BD4AQ
497,OQXG8WDI
498,YUSMTO6A
499,CSTVLK0X
500,INQ9KS8D
501,PJXQCPDO
502,L29CWGN6
503,EVXGYE02
504,MBMM853H
505,4OQ2YMY4
506,XSLJALFK
507,FUFRMFS4
508,ZQQVCH5S
509,CTPXUU9Z
510,8W449CYL
511,XGUNI1IH
512,NOS0SOGH
513,4T5R4AK6
514,B5O8AA0J
515,STNDFGMP
516,3XPQQ77Z
517,4F4USWSU
518,RVC78AWX
519,W1D702KH
520,75IHHUEP
521,SWBO98Q4
522,MQ6A8MOQ
523,T2IJAK2D
524,0S1CCP2Z
525,TH11EJ6J
526,SB35JKN7
527,0IWXXR54
528,XICHSFWC
529,O814BPZE
530,AXVPNYC3
531,MVSYTWGT
532,JM417SM9
533,GI3LZ9C4
534,T4DVI3WB
535,B7DBNRR1
536,6S7AI63C
537,KSJ7IY8C
538,5BYTM3T0
539,N83J0G07
540,OLZU2OTV
541,XY89RHCU
542,A2B6H9LT
543,ZP8B4FJS
544,6AIKN2UC
545,QL96FN2T
546,0NEJQF8W
547,ELI6KF3F
548,00MGT2SR
549,WYYR3S8Z
550,SOG6Q5HK
551,ABLFTH0M
552,980MPT0E
553,YPSQOTZ1
554,Y1QIYX2A
555,7WOKT87V
556,RBCD24G6
557,I3CN34CC
558,LPW31ELJ
559,ED3KNRLU
560,HS6IHP8M
561,WGQCV0WW
562,D5EXMCIN
563,D6NHIE4F
564,JJHT1UWP
565,05W1IMPR
566,WE3FWFH8
567,T6DX9CZX
568,6COUPVVY
569,N8FA9CF8
570,0FEBHIMZ
571,RPLG73G0
572,YDGF5NPI
573,824UAX63
574,FU1BBFL5
575,HH8D90N4
576,HMLKDX55
577,VSNRNJ6I
578,J2O9TYGF
579,WV6OP3DO
580,XAKTTX1Y
581,9Z919QNV
582,3T0MYB9I
583,ISCHYM5H
584,8JZT0PLH
585,B91TGHX5
586,LNHWARU4
587,HMVYYCW6
588,2RP6JBZF
589,L6I8NFHI
590,SIP5GWSN
591,GQGI5BQB
592,FQTHTJQP
593,RLZYTJ50
594,ACBPWKEU
595,BIQHTLAA
596,U30VQXOR
597,PQQHMLAY
598,X7BPMW16
599,64VSE6NO
600,Q1KE4IZW
601,JBA0WD25
602,RQ3R2DJM
603,LNX3I6ZF
604,OUDD2KW4
605,R2KB99PE
606,E651YOHD
607,A9YCSS16
608,W1ZQDL6V
609,2E28AMFH
610,5YUYFC33
611,FS7G6ER7
612,ZMIWHV0V
613,U4JCRKZ2
614,30GVQ91M
615,8B6QGGMU
616,CPQ05VPI
617,KFK5F8F8
618,ZEANZJ3S
619,VAOM8NG2
620,W4078PXK
621,9SFKE3RO
622,Z6KUZI09
623,UDWSZGUS
624,P2AF64CB
625,RC8EQ7S3
626,JQEIC3KD
627,ZTBL6VH2
628,AE66XWJK
629,UXO3FA0A
630,3DSD8T7U
631,DTZW3Z13
632,T8HUKC3L
633,I402F80T
634,05A73FC9
635,KD2CR21T
636,OVHZ98OO
637,6PDPAGZA
638,DZVOSVK9
639,ILWECG3B
640,AF7QCMLC
641,UABL4M2W
642,R941J3UM
643,86X04VFU
644,1WFP4W0Z
645,SXV6A8GC
646,UYWHENGH
647,T4F1OW16
648,53H0RYMD
649,E8RRLBQC
650,CZZTG335
651,77KVO0IX
652,VWZ783JZ
653,9F4FPI1R
654,RJUE8Y1K
655,P2UMUT39
656,0QSTTCDT
657,ILCP8NPA
658,TXPX4HSG
659,3OI3N4MT
660,IO0TVA1Z
661,L2ETVTBE
662,HVWBWDX7
663,L4I97HSI
664,5PJ7ICM2
665,VUUX4D5Z
666,J2AYM51D
667,3797LWGT
668,9RC3FZWA
669,IPL2B7TS
670,X478WD5U
671,GM1KS17Z
672,N62PVMGP
673,JSSI0WCB
674,98LR1MZR
675,1IIOKAYX
676,O2GM47UF
677,5KFODOEP
678,F71HXM31
679,4H8U6FF1
680,EN6AY0H0
681,QZKRI731
682,2MYHOWKQ
683,W41ETC2D
684,XPFN8SDL
685,XJ0HWW1I
686,CHKR05MQ
687,NRKBYM42
688,T38RCYYM
689,S3DCI8DF
690,0YLIJDQ4
691,92T40YYA
692,9T37A8DZ
693,IVBV395S
694,IHF0LIZX
695,IPTKVD86
696,FY9HDKXL
697,U5IL8QOM
698,MNU2PIT9
699,DQXEKSJR
700,RONGL1IQ
701,TC80MONP
702,980K96TJ
703,P83AJE7A
704,BDNL1ACS
705,PMU2228Z
706,LPLZL46C
707,H614MUOH
708,NU2GYP1T
709,Y46LAITW
710,PRDCES8U
711,LSTO3KQE
712,NHO3GQG8
713,UQF2STQ1
714,GK7FXZWS
715,V3L1Q808
716,0Q5JMWMQ
717,A2GKDX0X
718,BDIFVOI5
719,V91WE6HW
720,YIKOVNXV
721,6SIY8GBS
722,2FFF1W6W
723,JFH3HK5S
724,HYJ2WQKU
725,LXXEMLKL
726,VX2T3DEY
727,XIIFHJAB
728,ZRXRRK8N
729,UPL78UXQ
730,2S0I72EK
731,OQIA13OY
732,Z0KIGWQ5
733,WSNFULI9
734,A4B1XLP2
735,9GHI4Q3O
736,REDG2JYP
737,VECFRPGC
738,A2HJ0A31
739,8366SOVU
740,JAKLNE4Z
741,E3RKQZ2K
742,VN80TYPH
743,Y9489JPF
744,BK2I8F46
745,R61QR7RJ
746,GX37AOBE
747,FMAXD0NX
748,Y8M3Y3YC
749,GX951B09
750,134L0VJB
751,DIVXGHYY
752,QC4HCXG7
753,03IMRAYH
754,6GMM8L1M
755,FVM27DWT
756,E3SCG42T
757,T9F91QXJ
758,D18KP0UA
759,P649GYJI
760,M12MUGFW
761,Q9WEGGXN
762,CR0UUDUU
763,4FFBPW5M
764,BAJJBVZU
765,91SOVHSM
766,JITSNYTI
767,DQD47PJU
768,G6HYMM1P
769,TCKTOFT4
770,EJKYB463
771,5D9IUDGU
772,E2TLUJRN
773,Z806S3VQ
774,FXPDLG55
775,06JZ3US8
776,EF6BWFZY
777,5XCTRMPK
778,PO2NJGSM
779,PFE1CKYG
780,SWFK5HG4
781,E8NFCYDT
782,GSU7JI0T
783,C6T7OKBU
784,490TSK2X
785,ZTUSMAK6
786,A2G6T4OU
787,XDPL3TG8
788,7DEECQTO
789,RWC187AR
790,82NUCAQ6
791,82CI4IC0
792,W9XQGTU6
793,NWEGKEGP
794,TKO9B3XN
795,D834FI9W
796,RKW9XCOO
797,47H6EJ39
798,1GUSRXNA
799,WPXM6A3V
800,B5Q7C4FH
801,EQP0FX4C
802,UGE15VNF
803,P9BD7YHL
804,0ACTSVVU
805,ZUWO6EHJ
806,NMJG07GA
807,QVSU4SXQ
808,JM8T6X77
809,LAZGD3H6
810,I2XAECP2
811,GJAP08HD
812,HV6JC4PS
813,9M0BKXCI
814,W896ECLG
815,LVZRAKY8
816,5AIF0RXH
817,JYHYZNPQ
818,HNCL6WX1
819,DS7FWFW7
820,PUAUL5QS
821,UGWZOVP7
822,C0W3JISB
823,991WM886
824,F97TX485
825,C40SMWRS
826,LUSW1AFR
827,O7Q3OKDM
828,GPYH6J15
829,4WO22W7K
830,XC4ZL9X2
831,UP4HWB0O
832,SLT4KD5A
833,P0G7B24K
834,0CR04XR2
835,AYIW31N1
836,M3Y7TPFJ
837,GQTMXNDM
838,YN2L7CZA
839,LYHMKA3R
840,ISQZNTPZ
841,32YWBEPI
842,TQRAEL1T
843,N1I3MUOI
844,LDYPSTHT
845,VFCGPYL2
846,86GHI944
847,QKJ7LDDH
848,QW8OI7OW
849,OXP73Z24
850,2VKE8XQJ
851,CD06NLI0
852,6U1958XE
853,GA15EBX5
854,XR9HZRFM
855,WAWCXYAY
856,72NWBQT3
857,A79KOPFV
858,ZCVA06SS
859,1KBX9WZR
860,WKDC7LM8
861,V9Q54F8R
862,HUEG9LHE
863,ZFZA9VV8
864,KRTC9TWR
865,YMGSVBEP
866,F0DH9DLN
867,IOET2N6G
868,MYAS4N6J
869,2873E3X6
870,05RN5IGZ
871,WPKU8JWS
872,G72RZYLH
873,YPTLUSIV
874,8GEP8QMC
875,4TB0A6LH
876,XC4R641V
877,FUI2DCTZ
878,R8Q3MUI7
879,5BL4OQLN
880,Q6Y8UQY2
881,1BGD9N95
882,JWRHP7LF
883,VV3ZE4SK
884,E65U4N6F
885,EXZK83ID
886,VZZYDX8D
887,1A4BO88Y
888,WU6EB6VF
889,IST1ENBH
890,3M6ED8J2
891,IF1XFG1V
892,IMVEPMCO
893,9W216MM0
894,5HZQG2KB
895,S7D7OCXM
896,FRXKDKGS
897,E1I6QNYH
898,CQDR228D
899,2BI47QM3
900,LPH6CXDP
901,UZIOH8YE
902,19AN7XNS
903,PX84D08L
904,9WEK99MM
905,E9VP8T8G
906,M8CSV3IL
907,AFK9RZRM
908,W6YMOO91
909,44IRXETI
910,ZL4QP8XG
911,2QMS9FX3
912,WVSQK1OJ
913,V2X3AN9R
914,J07M9DAO
915,T0OIDZLA
916,KMAA3VSE
917,7WVMDG2V
918,Z975E8ID
919,G6JTEW04
920,CQ3AV9N9
921,5YQYG8FC
922,Y81U9XU1
923,VDTJWFHN
924,RHD3GO7Y
925,9RLB7M73
926,2ZZ0HBLL
927,QKUK89NM
928,NTKXTIMS
929,GDDOAIPC
930,HGLM7PYC
931,IFCM5R1I
932,8UV56ND1
933,YOGH5724
934,S6OI017V
935,NOT733KL
936,BXHWSD18
937,N6MI97YD
938,ZTIJTCIT
939,ZXDI52K5
940,9Z8VTXLQ
941,G0GOZ91T
942,FDZ0WZF8
943,H72DY2C7
944,PPWRFH97
945,64YLI2IQ
946,YACOLWZT
947,OB5F2UPB
948,C29OGWT1
949,LXMOHNJX
950,G341JE20
951,IQBYKE5Q
952,6QIZZ17R
953,EDEA5I5M
954,PYJZQ82N
955,T30ZKFEV
956,PCODVJLD
957,1SDIM1N9
958,RLWR9IQP
959,RMU90AXY
960,LRD46OPE
961,UHEZYS1L
962,84WEXKJX
963,EPHOWA60
964,AQWTBK2H
965,HQ1PEOJ1
966,FAU36N1B
967,BVD1VRU9
968,C3XCC4KQ
969,CK7TUJF6
970,1OBM2M3F
971,I4TOF6ZT
972,CO2YILE0
973,WLWZQP6L
974,9C2CIMN3
975,OZE8D3YD
976,PL1XSGIG
977,FU9B95OU
978,33SRVU0Z
979,H40QBOIZ
980,UT2HG16N
981,BCWL41PL
982,FF730GH5
983,PQ5OIX8E
984,9NSAWLV7
985,89WNPHR9
986,I7SE8IMZ
987,ABS5Y4HE
988,QZROO267
989,S0JRLJIP
990,GRABLPHX
991,XNAFGJA7
992,14IABZDN
993,IY4I1LEE
994,411WLVOJ
995,5WS65YX6
996,KQ0RJ2HJ
997,W1AYBBL2
998,5QI1RSHQ
999,3T7Y7GS2
1000,QKMMS1QI
